{
  "timestamp": "2026-02-11 13:15:46",
  "best_model": "GaussianNB",
  "accuracy": 0.9044,
  "cv_score": 0.9027500000000002,
  "cv_std": 0.00547950727711899,
  "training_time": 0.02750110626220703,
  "test_size": 5000,
  "n_features": 37,
  "classes": [
    "critical_error",
    "normal",
    "performance_issue",
    "security_anomaly",
    "warning"
  ],
  "all_models": {
    "GaussianNB": {
      "accuracy": 0.9044,
      "cv_mean": 0.9027500000000002,
      "time": 0.02750110626220703
    },
    "MultinomialNB": {
      "accuracy": 0.8216,
      "cv_mean": 0.8189,
      "time": 0.04891037940979004
    },
    "ComplementNB": {
      "accuracy": 0.815,
      "cv_mean": 0.81165,
      "time": 0.10029172897338867
    },
    "BernoulliNB": {
      "accuracy": 0.8518,
      "cv_mean": 0.8472999999999999,
      "time": 0.10591721534729004
    }
  }
}